-0.011528810450339422,-0.011528810450339422,0.004647812014400518
0.007121988511016302,0.007121988511016302,0.018980075270798858
0.018350257982524674,0.018350257982524674,0.028037924927825603
0.0314679793188556,0.0314679793188556,0.042017737452305214
0.03429553748209653,0.03429553748209653,0.05132086711471345
0.060289695555963516,0.060289695555963516,0.0669753315838453
0.059377368306080314,0.059377368306080314,0.06703585011502725
0.08125893088949208,0.08125893088949208,0.07716899132138888
0.06047125114950935,0.06047125114950935,0.08434844174690305
0.08977679192516522,0.08977679192516522,0.09594221602537549
0.10279728216603459,0.10279728216603459,0.10626552896943874
0.09525257398492668,0.09525257398492668,0.11568428638287043
0.12074673075735494,0.12074673075735494,0.12944105580120896
0.13105355440632968,0.13105355440632968,0.14063158623140462
0.1365228822399423,0.1365228822399423,0.15816645389074827
0.1543183220479419,0.1543183220479419,0.16584781777636237
0.18365815738436056,0.18365815738436056,0.16956508242831184
0.15956697389678462,0.15956697389678462,0.17462779652131227
0.16547011600379036,0.16547011600379036,0.18411570115244308
0.19884629966336187,0.19884629966336187,0.19212372816930479
0.18803068779017698,0.18803068779017698,0.1992912245991868
0.1894941970543755,0.1894941970543755,0.2150461976675172
0.22034878895300794,0.22034878895300794,0.23327565652561572
0.2352956069951682,0.2352956069951682,0.23792864011163584
0.24418257362867102,0.24418257362867102,0.25055492761960707
0.23430773971106833,0.23430773971106833,0.25004894942675415
0.2731744695190819,0.2731744695190819,0.2682901970935579
0.2426646390501123,0.2426646390501123,0.27206405012210116
0.2890314827114795,0.2890314827114795,0.29384491517574557
0.28449602860471174,0.28449602860471174,0.3045491299347472
0.3080072342110454,0.3080072342110454,0.3159689249506574
0.3211441269884845,0.3211441269884845,0.32079960545994946
0.3187554136524424,0.3187554136524424,0.32165596567412236
0.32249927573892145,0.32249927573892145,0.32820916594541977
0.32371320763100314,0.32371320763100314,0.3342372559969553
0.33841501446633465,0.33841501446633465,0.3423881581337072
0.3405835458935281,0.3405835458935281,0.3533524548643418
0.34816591404125896,0.34816591404125896,0.3601633620650997
0.3713079046582384,0.3713079046582384,0.3715596929261326
0.3610162674958017,0.3610162674958017,0.38444463575345855
0.3823549066243577,0.3823549066243577,0.40542160036002234
0.4099627331402163,0.4099627331402163,0.4109157572313371
0.42394716131549304,0.42394716131549304,0.4126819229753815
0.3988373772383019,0.3988373772383019,0.4167920069356309
0.4152612303723495,0.4152612303723495,0.42090434824225886
0.43627741319624125,0.43627741319624125,0.43313316459360185
0.4111744011581858,0.4111744011581858,0.4456358643152876
0.4519476794263785,0.4519476794263785,0.4679312243011977
0.47378551236129857,0.47378551236129857,0.4743125326040078
0.4780604811159161,0.4780604811159161,0.4821648910247887
0.47109160433480873,0.47109160433480873,0.49058011407377744
0.49734258762364136,0.49734258762364136,0.503226686246208
0.5033061502628822,0.5033061502628822,0.5055008397428515
0.5090313208521007,0.5090313208521007,0.5100480527583786
0.5041650481135718,0.5041650481135718,0.513953901289131
0.5169477893094633,0.5169477893094633,0.5267737176209717
0.5207488664443578,0.5207488664443578,0.5317365882715882
0.5426244971090941,0.5426244971090941,0.5443009124140529
0.5318364012613127,0.5318364012613127,0.5481484931191153
0.5584418388717519,0.5584418388717519,0.5601200044035194
0.5541672392242812,0.5541672392242812,0.5702964112413309
0.567750935114525,0.567750935114525,0.5803219409717807
0.5889710593851865,0.5889710593851865,0.59406767241169
0.5842438284156307,0.5842438284156307,0.5926598788392705
0.608988129434253,0.608988129434253,0.6046411258387699
0.5847476786679279,0.5847476786679279,0.6078371722251795
0.6201875694141291,0.6201875694141291,0.6274021143064059
0.6185762685934816,0.6185762685934816,0.6364461068486196
0.6434425049116069,0.6434425049116069,0.6454943930701187
0.6473195470407701,0.6473195470407701,0.6485717724707087
0.6457211272579789,0.6457211272579789,0.6544334235360217
0.6526746431133773,0.6526746431133773,0.6658490900427514
0.6649045002367091,0.6649045002367091,0.6717186880572672
0.6799681267781678,0.6799681267781678,0.6823856805094907
0.6702834371569248,0.6702834371569248,0.6851176112529211
0.6969054775933794,0.6969054775933794,0.6907010101653951
0.6881639190084593,0.6881639190084593,0.6917690375862025
0.6870336338943466,0.6870336338943466,0.6938697408746627
0.7001095598558016,0.7001095598558016,0.6964901125918838
0.6944660288738398,0.6944660288738398,0.7053230058959707
0.6948947490460099,0.6948947490460099,0.7176345483022631
0.7266082397680624,0.7266082397680624,0.7353546232872246
0.7314006560927171,0.7314006560927171,0.7365579967605689
0.7480549740008943,0.7480549740008943,0.7409839129489668
0.7302183601880954,0.7302183601880954,0.748583205610639
0.7446784046579107,0.7446784046579107,0.761025252638535
0.7708528519859109,0.7708528519859109,0.7594924871467745
0.7675445012717835,0.7675445012717835,0.7615518456958403
0.7400801081826293,0.7400801081826293,0.7705199662277702
0.7770309276331083,0.7770309276331083,0.7840310750215012
0.7944488628675729,0.7944488628675729,0.7884982446236575
0.7806134345638224,0.7806134345638224,0.794334411945902
0.7904324364395773,0.7904324364395773,0.7978395527568157
0.8119573648343066,0.8,0.801006733687342
0.7911288569965632,0.7911288569965632,0.799422798146537
0.7999339792311562,0.7999339792311562,0.8067487731609699
0.8072055582118918,0.8,0.8210346740791309
0.8131067820398618,0.8,0.8308737456632244
0.8427916819856393,0.8,0.8380991949955526
0.836722772964172,0.8,0.843639599180508
0.8347831300368466,0.8,0.845897176047749
0.8594128945405054,0.8,0.8486699582632801
0.8434955035658952,0.8,0.8485907179345027
0.8431014766834395,0.8,0.8563828469377849
0.8591751735541734,0.8,0.8635000316697464
0.8668718905757418,0.8,0.8676841292599232
0.8644530308793241,0.8,0.8719451237873487
0.8717274663247039,0.8,0.8851266113024094
0.8796548741580179,0.8,0.8914457710574764
0.9039974934245064,0.8,0.8981526017949442
0.8906849455899047,0.8,0.8975878090473763
0.8997753663704214,0.8,0.9025192403938126
0.9023031151818028,0.8,0.902358973646709
0.9054792396292135,0.8,0.9126071221834311
0.8992945661291107,0.8,0.9185974564819949
0.933047560791969,0.8,0.9262838578273604
0.9234502425249049,0.8,0.9254040977432502
0.9223537701652075,0.8,0.9237328707715867
0.930408280539638,0.8,0.9231638483759015
0.9184365616099148,0.8,0.921835716497887
0.9206467029781515,0.8,0.9306082849082123
0.9264238849055946,0.8,0.9458055601372681
0.9447542668408909,0.8,0.9530653916343244
0.9662385286653188,0.8,0.9520956097627309
0.9482033793967632,0.8,0.9470361664932798
0.9418449212261105,0.8,0.9478684460502163
0.9510601988569656,0.8,0.9534187929079048
0.9507002180675727,0.8,0.9529083997580289
0.9584959617991762,0.8,0.9585166526335601
0.9495290194073377,0.8,0.958610717060163
0.9675249766941665,0.8,0.9649810840793902
0.9587781550789849,0.8,0.9724461257405759
0.9686401204650191,0.8,0.9744615008471518
0.9899201016777237,0.8,0.9772281508971341
0.9648242803987126,0.8,0.9715877763314515
0.976940070614966,0.8,0.9748368570861858
0.972998977980676,0.8,0.9756781355629879
0.9745715226629154,0.8,0.974385785856084
0.9794639060453721,0.8,0.9779396008627846
0.9691219288599646,0.8,0.9807242411678103
0.9852329676830172,0.8,0.9816011246806399
0.9878178269604492,0.8,0.9902439525158245
0.9717525793984534,0.8,0.9895446535264458
1.011161451188571,0.8,0.9949073054229417
0.9857199299923131,0.8,0.9854122187648656
0.987840535087941,0.8,0.984094127597707
0.9826761912143429,0.8,0.9881384007846924
0.9817656564908371,0.8,0.9988998575986996
0.9999733546488973,0.8,0.999489193118407
1.0149605616563644,0.8,1.0024109493715088
0.9835336630499594,0.8,0.996557815997059
1.0087386234082023,0.8,0.996202986830091
0.9974011615330152,0.8,0.9902595027400146
0.9824691755490554,0.8,0.9944224324251365
0.9909081711379732,0.8,0.9996671028934209
1.009889950588381,0.8,0.9993314030742398
0.9982031869539084,0.8,0.9992017173715149
0.9899010716804302,0.8,0.997478233712823
1.0095008934802059,0.8,0.99503622949454
0.9930327359778328,0.8,0.9973054409485413
0.9825750590255812,0.8,0.9999429600262097
1.0163085278422102,0.8,1.0045329838626926
1.000945293210838,0.8,1.0011082963826547
0.9963451305350299,0.8,1.0007476600202585
1.0060344654020963,0.8,0.999975581539791
0.9998633841236491,0.8,0.9974619855645641
0.9940288950936278,0.8,0.998104466035639
0.9984936774764155,0.8,1.0052716157134136
1.0017908255368735,0.8,1.0008249676774768
1.0155303441269516,0.8,1.0024296215862083
0.985153733368605,0.8,0.9939619839361102
1.0066047872630683,0.8,1.001767117347179
0.9901274311766574,0.8,0.996341130678809
1.008569133601811,0.8,0.9924510625522359
0.9903268272579586,0.8,0.9914346873076313
0.9784572267969383,0.8,0.9895039227150381
1.005520007867997,0.8,0.9885880229725409
0.9845345334801789,0.8,0.9770416099503897
0.9757095275694468,0.8,0.9728775606234289
0.9708807688015434,0.8,0.9682812396922891
0.9720423854992963,0.8,0.9714038004460758
0.9619205647760274,0.8,0.9731364415522191
0.9802484510629036,0.8,0.9719422390693826
0.9772403088177264,0.8,0.9698972300063317
0.9583379573275177,0.8,0.9674940209782522
0.974113423873751,0.8,0.9608810402264404
0.9700306817334879,0.8,0.9483836950292319
0.9384990150720823,0.8,0.9421871497318874
0.9366213882821256,0.8,0.9442324584228124
0.9514410458414545,0.8,0.9437759628115651
0.9446349411448571,0.8,0.9407319081467436
0.9352519014483834,0.8,0.9343715760496133
0.9423088818469901,0.8,0.9386678006734157
0.9255539448534663,0.8,0.9344016379594849
0.9481405753197906,0.8,0.9358582923718518
0.929510393705198,0.8,0.9284739557495609
0.9299239080905669,0.8,0.9236930558662384
0.9259875654529178,0.8,0.9165165807567283
0.9151676940552304,0.8,0.9122461087953617
0.9083944827620366,0.8,0.9146890635702721
0.9131761495688181,0.8,0.9114043866832418
0.9224965583799618,0.8,0.9029748803299961
0.8985404521009452,0.8,0.8928898000437131
0.8878876305090811,0.8,0.8920187299246758
0.8922413175211128,0.8,0.8912811062910208
0.8959272417438333,0.8,0.885942209154962
0.8856747596081163,0.8,0.8792914610141948
0.8762246261129364,0.8,0.8726328935470465
0.8759749973215317,0.8,0.8663181334813252
0.8656990572066715,0.8,0.8581835575576465
0.8572803459157724,0.8,0.8549249028061798
0.8515712695504956,0.8,0.8486051770672478
0.8559230929522715,0.8,0.8497794812084712
0.8383211686989763,0.8,0.8509237756633382
0.8550941819741658,0.8,0.8467014761760507
0.8593559763168727,0.8,0.8319964631232448
0.8256542702371137,0.8,0.8163576147343691
0.810979142815748,0.8,0.8129647475090723
0.8124394311502456,0.8,0.8134493943267269
0.8154756685612233,0.8,0.8085298732904673
0.8124330832687118,0.8,0.800976664173294
0.797680868041467,0.797680868041467,0.8022374996797822
0.7928160412097033,0.7928160412097033,0.7955111915289895
0.8162155897881762,0.8,0.7924957652661493
0.7775019435890891,0.7775019435890891,0.7721111442308061
0.7837697624211825,0.7837697624211825,0.7694565584019675
0.7550617266821466,0.7550617266821466,0.7620809069847018
0.7695381861025734,0.7695381861025734,0.7595141419295538
0.7616428081693852,0.7616428081693852,0.7561009185125345
0.7473614315167028,0.7473614315167028,0.7538844362757924
0.7592985158515155,0.7592985158515155,0.7479189671883296
0.7549933614591589,0.7549933614591589,0.7355518896272433
0.7294650242543144,0.7294650242543144,0.718637856964764
0.7221972831682567,0.7221972831682567,0.7088019320743578
0.7042512634717211,0.7042512634717211,0.7068449184041521
0.6999572495830956,0.6999572495830956,0.704333077741904
0.7163262421576397,0.7163262421576397,0.7019455903792959
0.6967157414849767,0.6967157414849767,0.6917822427811904
0.6927947874952713,0.6927947874952713,0.679687965162609
0.6858361993633232,0.6858361993633232,0.6722322195859497
0.6604329086292323,0.6604329086292323,0.6641330003968763
0.6704275507652936,0.6704275507652936,0.6573343135108909
0.6615385417961029,0.6615385417961029,0.6469346237471554
0.6400368479712762,0.6400368479712762,0.6391139335884874
0.6392284814740871,0.6392284814740871,0.6307710038221175
0.638076471320099,0.638076471320099,0.624752805433242
0.6150080586721662,0.6150080586721662,0.6202526202830818
0.6211738863074606,0.6211738863074606,0.6158562854992615
0.6245759158696186,0.6245759158696186,0.6104513521563473
0.6018190543207055,0.6018190543207055,0.603091214629477
0.6049590862787178,0.6049590862787178,0.5953730892037272
0.6024955032890077,0.6024955032890077,0.5861590966440714
0.5786646780434561,0.5786646780434561,0.5714975418488263
0.5773171085997505,0.5773171085997505,0.5691724840743744
0.5585108389032724,0.5585108389032724,0.5584997959361914
0.5716895047201004,0.5716895047201004,0.5593484330451497
0.5452990441852015,0.5452990441852015,0.5439581864571006
0.5610567502301472,0.5610567502301472,0.5386328280844088
0.5255187649559531,0.5255187649559531,0.5267816460161392
0.5293229690671263,0.5293229690671263,0.5163272144666649
0.5255032040253383,0.5255032040253383,0.49496301880971255
0.49415547030753,0.49415547030753,0.4844632988286682
0.4652303820962693,0.4652303820962693,0.4815522675219916
0.4940040440822052,0.4940040440822052,0.4845543312192092
0.48542237638750024,0.48542237638750024,0.4748869690119437
0.47423657318792223,0.47423657318792223,0.46498566017474846
0.46500195746040873,0.46500195746040873,0.4569442635860775
0.4557184498759145,0.4557184498759145,0.44599544896112087
0.45011238342190923,0.45011238342190923,0.43918239071824894
0.4321555135855389,0.4321555135855389,0.4285368132973682
0.43527927514729864,0.43527927514729864,0.42321713699292685
0.418175651159267,0.418175651159267,0.4084475063314697
0.41619648467221493,0.41619648467221493,0.3955145460243014
0.3909703831629272,0.3909703831629272,0.3858924278233
0.3793767702377622,0.3793767702377622,0.38571814309845215
0.3873301300692107,0.3873301300692107,0.3754526132290879
0.3904475289883836,0.3904475289883836,0.36900473459296407
0.34858018062966944,0.34858018062966944,0.3565174802017962
0.3679864941608392,0.3679864941608392,0.3522727130030688
0.35298576581488,0.35298576581488,0.34134421744654964
0.3358458790334872,0.3358458790334872,0.3275879602208777
0.3352010074912817,0.3352010074912817,0.31471866211241517
0.31171699413786425,0.31171699413786425,0.2999674386820304
0.29723798470809953,0.29723798470809953,0.28987714492330285
0.2909473372001274,0.2909473372001274,0.28201981339707005
0.28144611286168164,0.28144611286168164,0.2711110749899805
0.27366599012940107,0.27366599012940107,0.26210286790725473
0.2582211219788588,0.2582211219788588,0.2572829914507864
0.25442149161350425,0.25442149161350425,0.2558229683522542
0.25920636075999615,0.25920636075999615,0.2535542768802623
0.2538410526832622,0.2538410526832622,0.24625148464922036
0.24761541719752844,0.24761541719752844,0.23227775218057498
0.23729798406687047,0.23729798406687047,0.2141983967272126
0.21191985527732604,0.21191985527732604,0.19944632441178492
0.19337735083744131,0.19337735083744131,0.18154875034772555
0.1930417671205874,0.1930417671205874,0.17769645925780572
0.15822713308514796,0.15822713308514796,0.16360537388850915
0.1818204775676818,0.1818204775676818,0.16102059373178357
0.1507685110126977,0.1507685110126977,0.14927300011304934
0.15047279261497123,0.15047279261497123,0.1463353859831219
0.1465776967114791,0.1465776967114791,0.13647446439236216
0.14195566862291537,0.14195566862291537,0.1273669394183648
0.12089002784269204,0.12089002784269204,0.1222494076153403
0.11925512178948701,0.11925512178948701,0.11905110296499653
0.12660307321384184,0.12660307321384184,0.10726591818919251
0.11129511389166075,0.11129511389166075,0.08533877795221523
0.08389956746207493,0.08389956746207493,0.06508417016095049
0.06082165250291003,0.06082165250291003,0.04805295535770383
0.05053129051786651,0.05053129051786651,0.04184229358504023
0.03280592305233496,0.03280592305233496,0.03477597038728194
0.04218966718491921,0.04218966718491921,0.024162509519543962
0.02933232092459165,0.02933232092459165,0.011840457164134548
0.0009655404491210225,0.0009655404491210225,0.003083927124533648
0.005223510118690977,0.005223510118690977,-0.005787075637963581
0.003062730805788944,0.003062730805788944,-0.0108905920057133
-0.025647467838370665,-0.025647467838370665,-0.017613564862643215
-0.010087038984558183,-0.010087038984558183,-0.023974219998789174
-0.0171061877650008,-0.0171061877650008,-0.04531339975272332
-0.04472943324680854,-0.04472943324680854,-0.05873161544737044
-0.07410457824636062,-0.07410457824636062,-0.0669714528176839
-0.05736083484894217,-0.05736083484894217,-0.06860467844596364
-0.0694489453577489,-0.0694489453577489,-0.07658883733795593
-0.07900425513119987,-0.07900425513119987,-0.08475694869106226
-0.08131331152491905,-0.08131331152491905,-0.09255532637786416
-0.09395327941706787,-0.09395327941706787,-0.0995240832992082
-0.10239938819160559,-0.10239938819160559,-0.11203972630360509
-0.10221958228895116,-0.10221958228895116,-0.12183956221272074
-0.13150020843025853,-0.13150020843025853,-0.13809804109369456
-0.13179889591895255,-0.13179889591895255,-0.1470402287360958
-0.15099501893187256,-0.15099501893187256,-0.15953257423843367
-0.1583267713574623,-0.1583267713574623,-0.16611162509483643
-0.16927593242596614,-0.16927593242596614,-0.17229063978312883
-0.17073217150108083,-0.17073217150108083,-0.1789744035558518
-0.1768638154223395,-0.1768638154223395,-0.18962248982788885
-0.18932722374413508,-0.18932722374413508,-0.20056026574122282
-0.20267643031719199,-0.20267643031719199,-0.2130744716977919
-0.20967714316234137,-0.20967714316234137,-0.21955867688669292
-0.2268698416138423,-0.2268698416138423,-0.22453519549966328
-0.22212904588389512,-0.22212904588389512,-0.23198985420050863
-0.2246066990012524,-0.2246066990012524,-0.24733225506780057
-0.24923381771637837,-0.24923381771637837,-0.26798171366451995
-0.2681562484857709,-0.2681562484857709,-0.2803730841370417
-0.2865550747914105,-0.2865550747914105,-0.2896403979404296
-0.28640792913394364,-0.28640792913394364,-0.2931671736123142
-0.29595818989593475,-0.29595818989593475,-0.30005685414676414
-0.29713540180706427,-0.29713540180706427,-0.30419020789786005
-0.3070769707372934,-0.3070769707372934,-0.31084593339163247
-0.30835825114922244,-0.30835825114922244,-0.32381011446986463
-0.3171025782883816,-0.3171025782883816,-0.3380076878497573
-0.3459695139719899,-0.3459695139719899,-0.3502383518542901
-0.3509509712889005,-0.3509509712889005,-0.36263124820999976
-0.3537945703019798,-0.3537945703019798,-0.3696829804834063
-0.38314820303911895,-0.38314820303911895,-0.37865999519285154
-0.37210616810912023,-0.37210616810912023,-0.38265105631489726
-0.3807256144303154,-0.3807256144303154,-0.39592065571490925
-0.3951213864052562,-0.3951213864052562,-0.4083074973997918
-0.4119149663091562,-0.4119149663091562,-0.4166756030787218
-0.41788613948496295,-0.41788613948496295,-0.4223162711321103
-0.42022570344204624,-0.42022570344204624,-0.4280613740384862
-0.42883697046932173,-0.42883697046932173,-0.43744880345392406
-0.4351214482040906,-0.4351214482040906,-0.45024814857858714
-0.4483879916883598,-0.4483879916883598,-0.4557145797909608
-0.46723500584331096,-0.46723500584331096,-0.4672367271992517
-0.4515207418412116,-0.4515207418412116,-0.4714144573839337
-0.48295443391323256,-0.48295443391323256,-0.48820244431815163
-0.47976819639735707,-0.47976819639735707,-0.49466167205338046
-0.5018847026438652,-0.5018847026438652,-0.4982494139812849
-0.5023321171189191,-0.5023321171189191,-0.5010266272733849
-0.4905314221810705,-0.4905314221810705,-0.5080771624339937
-0.510216342520165,-0.510216342520165,-0.5315455539251985
-0.5234837226007457,-0.5234837226007457,-0.5407672620804096
-0.5609365966546849,-0.5609365966546849,-0.5523547251691127
-0.5378814669857983,-0.5378814669857983,-0.553600372023062
-0.5582461118668549,-0.5582461118668549,-0.5708056017397374
-0.5646735372165329,-0.5646735372165329,-0.5714076539382934
-0.5894971561358243,-0.5894971561358243,-0.5763465980933623
-0.5600522684625229,-0.5600522684625229,-0.581634549124898
-0.5794903696817397,-0.5794903696817397,-0.5936236839739298
-0.6053610092304312,-0.6053610092304312,-0.6124300770241573
-0.5960196730096187,-0.5960196730096187,-0.6159806174365307
-0.6359095488324219,-0.6359095488324219,-0.6272086259851993
-0.6160126304675513,-0.6160126304675513,-0.6272625098543932
-0.6297036986556248,-0.6297036986556248,-0.6366738751128896
-0.6360712004400035,-0.6360712004400035,-0.6445579653374947
-0.6442467262430407,-0.6442467262430407,-0.6523884580053433
-0.6533559693294396,-0.6533559693294396,-0.6561798930203049
-0.6595626784435497,-0.6595626784435497,-0.6661485144417557
-0.6556210312879254,-0.6556210312879254,-0.6751130750108149
-0.6832618335937921,-0.6832618335937921,-0.685238378537983
-0.686456360150727,-0.686456360150727,-0.6913329099980017
-0.6859969418694299,-0.6859969418694299,-0.6909199434869024
-0.7015454279738481,-0.7015454279738481,-0.6977506621329963
-0.6852174606174294,-0.6852174606174294,-0.7054868277717978
-0.7064890978077115,-0.7064890978077115,-0.7149159252689737
-0.7247539248902525,-0.7247539248902525,-0.721844264483072
-0.7135047531089573,-0.7135047531089573,-0.7274697167226369
-0.7272741154500063,-0.7272741154500063,-0.7372209139235643
-0.7416302816089471,-0.7416302816089471,-0.7418055610767271
-0.7427583447117394,-0.7427583447117394,-0.7431968452731779
-0.741028056909495,-0.741028056909495,-0.7492719491132634
-0.745804134198299,-0.745804134198299,-0.7563291356915868
-0.7609836562319963,-0.7609836562319963,-0.7687701061499896
-0.7621996166444651,-0.7621996166444651,-0.7771246328190803
-0.7831270455735074,-0.7831270455735074,-0.7828513720589503
-0.7860472362392684,-0.7860472362392684,-0.7904759180508513
-0.7793798343640751,-0.7793798343640751,-0.7984926072914008
-0.8060006835492102,-0.8060006835492102,-0.8116701835685933
-0.8100973039609171,-0.8100973039609171,-0.8189102690869764
-0.8189125631956526,-0.8189125631956526,-0.8264742690960903
-0.8277209401043594,-0.8277209401043594,-0.8331333124035332
-0.832789303988259,-0.832789303988259,-0.8347521539658733
-0.8388896931179811,-0.8388896931179811,-0.834600939578664
-0.8325774647913797,-0.8325774647913797,-0.839133035601266
-0.832335660826631,-0.832335660826631,-0.8427026643868183
-0.8524859811857871,-0.8524859811857871,-0.8456962772078235
-0.8432863511480369,-0.8432863511480369,-0.8527828022275434
-0.8413164992896464,-0.8413164992896464,-0.8591535516920121
-0.8737455562449471,-0.8737455562449471,-0.8709862097476763
-0.8623985995414429,-0.8623985995414429,-0.8735560945765477
-0.8768144734566388,-0.8768144734566388,-0.875274377347312
-0.8814552107315615,-0.8814552107315615,-0.877638068162223
-0.8675534478537356,-0.8675534478537356,-0.8845622344401884
-0.8839055459013718,-0.8839055459013718,-0.8986827063219337
-0.9022277095654578,-0.9022277095654578,-0.9035986919441715
-0.9099148634989715,-0.9099148634989715,-0.9052686026011334
-0.8986535027680851,-0.8986535027680851,-0.9022783935724812
-0.9072374415363437,-0.9072374415363437,-0.9031829732808633
-0.9009442364130147,-0.9009442364130147,-0.9072711507873448
-0.9013672418932315,-0.9013672418932315,-0.9098050215129575
-0.9195019740557883,-0.9195019740557883,-0.9160667430870484
-0.9085458485898529,-0.9085458485898529,-0.9185032038596448
-0.9201524066155041,-0.9201524066155041,-0.9208327680358838
-0.9268113563735775,-0.9268113563735775,-0.9282505408108814
-0.9155345411185697,-0.9155345411185697,-0.9306309690512153
-0.9424057249404972,-0.9424057249404972,-0.9358928816738662
-0.933952641094579,-0.933952641094579,-0.9385098818704467
-0.9313202789865225,-0.9313202789865225,-0.9409933667413201
-0.9502567255302385,-0.9502567255302385,-0.9502292256710193
-0.9414030957071993,-0.9414030957071993,-0.9472162538621879
-0.9590278557756201,-0.9590278557756201,-0.959523624023803
-0.9412178101037442,-0.9412178101037442,-0.9562916123388719
-0.9783252061920447,-0.9783252061920447,-0.9542535515103617
-0.9493318207208269,-0.9493318207208269,-0.9456164376235544
-0.9351036276182136,-0.9351036276182136,-0.9522046699221496
-0.9524138645316228,-0.9524138645316228,-0.9611274971728426
-0.9690965176166123,-0.9690965176166123,-0.968237995987425
-0.9618721093702929,-0.9618721093702929,-0.9743676076411689
-0.9737453609753699,-0.9737453609753699,-0.9776441917542941
-0.9874853525778441,-0.9874853525778441,-0.976779795427228
-0.9717018617096682,-0.9717018617096682,-0.9742623066359669
-0.9711521719941717,-0.9711521719941717,-0.9738355393255361
-0.9799328862040607,-0.9799328862040607,-0.9736594712089259
-0.9704215597783761,-0.9704215597783761,-0.9788564417861699
-0.9706239676443411,-0.9706239676443411,-0.9888718766424721
-0.9955237979357927,-0.9955237979357927,-0.9990273813392317
-1.0004678643472826,-1.0004678643472826,-0.9990782622899401
-1.0010904817346198,-1.0010904817346198,-0.9987514582370727
-0.9956764407879178,-0.9956764407879178,-0.9962064372797478
-0.9994874521886805,-0.9994874521886805,-0.9991265439251196
-0.9934554188626451,-0.9934554188626451,-0.9963242803678218
-1.004436760724033,-1.004436760724033,-0.9941309893334039
-0.9910806615167875,-0.9910806615167875,-0.9896822179824666
-0.9868755457593914,-0.9868755457593914,-0.9952475221630293
-0.9910904466712208,-0.9910904466712208,-0.9988615873744224
-1.0077765740584754,-1.0077765740584754,-1.006036007851785
-0.9977177413935712,-0.9977177413935712,-1.007493641781025
-1.0126137081033082,-1.0126137081033082,-1.0100540698110378
-1.0121494758461953,-1.0121494758461953,-1.0064005284734376
-1.00539902548361,-1.00539902548361,-1.007138770812049
-1.0016530840905076,-1.0016530840905076,-1.0041809617952442
-1.0143642028620294,-1.0143642028620294,-0.9983193791175579
-0.9965255984331952,-0.9965255984331952,-0.9867879882837117
-0.984068336057449,-0.984068336057449,-0.9840604352447467
-0.979770030360491,-0.979770030360491,-0.9915763060352094
-0.9883429393163002,-0.9883429393163002,-1.0008291502530278
-1.006615948428837,-1.006615948428837,-1.0096736875518226
-1.0075285630139463,-1.0075285630139463,-1.0066999273643533
-1.0148765512126845,-1.0148765512126845,-1.002295464264829
-0.9976946678664294,-0.9976946678664294,-0.9933455606367505
-0.9943151737153731,-0.9943151737153731,-0.9919236676170333
-0.9880268403284489,-0.9880268403284489,-0.9923381355966415
-0.9934289888072779,-0.9934289888072779,-0.9928134311994494
-0.9955585776541979,-0.9955585776541979,-0.9940830803851362
-0.9894527271368725,-0.9894527271368725,-0.9901113508768423
-0.9972379363643382,-0.9972379363643382,-0.9907009913532607
-0.9836433891293161,-0.9836433891293161,-0.9871934493229735
-0.9912216485661279,-0.9912216485661279,-0.9865510200170571
-0.9867153102734763,-0.9867153102734763,-0.9853127459231434
-0.9817161012115672,-0.9817161012115672,-0.9843878124750421
-0.987506826284387,-0.987506826284387,-0.9831388555651923
-0.9839405099291724,-0.9839405099291724,-0.9793940754253015
-0.9779692304820177,-0.9779692304820177,-0.9800955938249664
-0.9762724858647145,-0.9762724858647145,-0.978998698322457
-0.986045065128167,-0.986045065128167,-0.979515504506629
-0.9746785439744894,-0.9746785439744894,-0.9747163882282143
-0.9778229044172307,-0.9778229044172307,-0.9643748311381772
-0.9716477162929226,-0.9716477162929226,-0.9619708051305373
-0.9436538727043783,-0.9436538727043783,-0.9542532978432889
-0.9706108263943111,-0.9706108263943111,-0.9650742650299303
-0.9484951944311776,-0.9484951944311776,-0.9542266631886192
-0.9761167742643022,-0.9761167742643022,-0.9564019286476252
-0.9380680208703778,-0.9380680208703778,-0.9494061001474323
-0.9550209908081957,-0.9550209908081957,-0.9510492641016711
-0.9551292887637234,-0.9551292887637234,-0.9505309134576206
-0.9429975127330944,-0.9429975127330944,-0.9494915095248468
-0.953465938876044,-0.953465938876044,-0.9468993396271573
-0.952011076965402,-0.952011076965402,-0.9408430169697655
-0.935221003040026,-0.935221003040026,-0.9347898193231525
-0.9352969709038684,-0.9352969709038684,-0.9360683414899275
-0.9338514840255631,-0.9338514840255631,-0.93522178201154
-0.9390565695403509,-0.9390565695403509,-0.9297158573959152
-0.9327572924687061,-0.9327572924687061,-0.9229319806405849
-0.9173337101786888,-0.9173337101786888,-0.9150466128979603
-0.9187049392743598,-0.9187049392743598,-0.9068541106419777
-0.9091011892408323,-0.9091011892408323,-0.8983177491962673
-0.8927562034107412,-0.8927562034107412,-0.8927520845905094
-0.8930958549372282,-0.8930958549372282,-0.8872431213720303
-0.8924041954235585,-0.8924041954235585,-0.8896050910639216
-0.8762293137553042,-0.8762293137553042,-0.8935570780909036
-0.9001817640129022,-0.9001817640129022,-0.8941508134208973
-0.9042601565045042,-0.9042601565045042,-0.8886207835218533
-0.8780105197452854,-0.8780105197452854,-0.8786731860568708
-0.8835916743157701,-0.8835916743157701,-0.8698817622710047
-0.8744173641095571,-0.8744173641095571,-0.8653833339073073
-0.8516362483876868,-0.8516362483876868,-0.8619699845624625
-0.870096389224678,-0.870096389224678,-0.8641380089011073
-0.8641773160750229,-0.8641773160750229,-0.8569024132923259
-0.858140321403621,-0.858140321403621,-0.846417368356708
-0.8483896023983338,-0.8483896023983338,-0.8401963373100118
-0.8327221812681692,-0.8327221812681692,-0.831680981423918
-0.8394772282635323,-0.8394772282635323,-0.8245297813528937
-0.8228435347400526,-0.8228435347400526,-0.8231171966015041
-0.811268581055096,-0.811268581055096,-0.8128581799393922
-0.8352394740093635,-0.8352394740093635,-0.8049483709610726
-0.7920664847537172,-0.7920664847537172,-0.7884651843785287
-0.7875391541201371,-0.7875391541201371,-0.7846162233549996
-0.7857899142617321,-0.7857899142617321,-0.7854665116616238
-0.7805196016831296,-0.7805196016831296,-0.7866267387044179
-0.7900900190400099,-0.7900900190400099,-0.7827116771301351
-0.7892705953901141,-0.7892705953901141,-0.7762051802764022
-0.7687744169602815,-0.7687744169602815,-0.7655704183055901
-0.770570528478811,-0.770570528478811,-0.7608833068639422
-0.7573663094776778,-0.7573663094776778,-0.7548657007522946
-0.7547130826353379,-0.7547130826353379,-0.751375856949396
-0.7525177101438681,-0.7525177101438681,-0.7452758691035325
-0.7468967780689819,-0.7468967780689819,-0.7411289858383174
-0.7364131190977473,-0.7364131190977473,-0.7340447107277001
-0.7400770603482231,-0.7400770603482231,-0.7282716921916036
-0.7256439527371298,-0.7256439527371298,-0.7152547988870098
-0.719094063489458,-0.719094063489458,-0.6982535773095784
-0.7010263804344415,-0.7010263804344415,-0.6854649710365304
-0.6746402880048357,-0.6746402880048357,-0.6798833071921007
-0.6807282446703138,-0.6807282446703138,-0.6739776293695671
-0.6842813889011525,-0.6842813889011525,-0.667778157952768
-0.656923254537235,-0.656923254537235,-0.6628290286432104
-0.6621298304199162,-0.6621298304199162,-0.6578814953223557
-0.6694340009724797,-0.6694340009724797,-0.6494474559342748
-0.6420806545746713,-0.6420806545746713,-0.6409086927496238
-0.6368277122556731,-0.6368277122556731,-0.6321302240372907
-0.6438177114185271,-0.6438177114185271,-0.6316727730935148
-0.615745248437672,-0.615745248437672,-0.6189768640406018
-0.6354553594243454,-0.6354553594243454,-0.6164867241876724
-0.6057299842597881,-0.6057299842597881,-0.6025534016595874
-0.6082748288788835,-0.6082748288788835,-0.6013935062904312
-0.5936553918400904,-0.5936553918400904,-0.5928105797251636
-0.6022502981523197,-0.6022502981523197,-0.5869346147947625
-0.5825260491830807,-0.5825260491830807,-0.5751649130423939
-0.5760274970488871,-0.5760274970488871,-0.5706057200517854
-0.5669411928952139,-0.5669411928952139,-0.5580657132796452
-0.5688484702112552,-0.5688484702112552,-0.550072533835181
-0.5384074767324663,-0.5384074767324663,-0.5350591110437649
-0.5429616545618214,-0.5429616545618214,-0.5262709573837782
-0.5238082018370069,-0.5238082018370069,-0.5192212019273039
-0.512043015752506,-0.512043015752506,-0.5088653369979929
-0.5218123881923988,-0.5218123881923988,-0.4981455206917816
-0.4927406070490738,-0.4927406070490738,-0.48744716243981684
-0.47988356683387207,-0.47988356683387207,-0.48308558786024786
-0.48971731343650465,-0.48971731343650465,-0.4777899950901652
-0.4796558833103668,-0.4796558833103668,-0.4700167756948449
-0.4639967885236241,-0.4639967885236241,-0.46606875162048544
-0.4663976552505439,-0.4663976552505439,-0.4619583186792906
-0.4678118110872883,-0.4678118110872883,-0.44744660292552296
-0.4516654897000396,-0.4516654897000396,-0.42925567613255855
-0.422862507989241,-0.422862507989241,-0.4166646722363443
-0.41323903070839507,-0.41323903070839507,-0.40952101863040197
-0.41389247801139684,-0.41389247801139684,-0.4106654613893001
-0.401431547171414,-0.401431547171414,-0.4005892362454386
-0.41667235898508953,-0.41667235898508953,-0.3948231572433015
-0.3836638025798122,-0.3836638025798122,-0.37947846674051994
-0.38413331016500285,-0.38413331016500285,-0.3733791389732
-0.3706382874767448,-0.3706382874767448,-0.3627020279259928
-0.36536581927785244,-0.36536581927785244,-0.3565393028319861
-0.35210197702338125,-0.35210197702338125,-0.35384039555299257
-0.35215011219472453,-0.35215011219472453,-0.3482360659068685
-0.3572690974408719,-0.3572690974408719,-0.3356671137006858
-0.33528898808500907,-0.33528898808500907,-0.31921108369239526
-0.3144432555761764,-0.3144432555761764,-0.3066098400235712
-0.30790100741600035,-0.30790100741600035,-0.30080361750531276
-0.29748525707853696,-0.29748525707853696,-0.29163625822855527
-0.2970245880214009,-0.2970245880214009,-0.28419475445311043
-0.280398929585728,-0.280398929585728,-0.2646210507324668
-0.27516074575220234,-0.27516074575220234,-0.25593050500873155
-0.23830347685947004,-0.23830347685947004,-0.24204720090326587
-0.2543272924145223,-0.2543272924145223,-0.24248300136294249
-0.23351083343580525,-0.23351083343580525,-0.23515441813372537
-0.23961087823849989,-0.23961087823849989,-0.23114871059644593
-0.23234154272687094,-0.23234154272687094,-0.21295344069937538
-0.22149371082396696,-0.22149371082396696,-0.20115977361225482
-0.18502506854728823,-0.18502506854728823,-0.18762775787782196
-0.1969605414655093,-0.1969605414655093,-0.180407738734187
-0.18089766362066834,-0.18089766362066834,-0.17217665813487182
-0.16336501111638335,-0.16336501111638335,-0.15802187005603266
-0.17226729966756374,-0.17226729966756374,-0.14695512239771297
-0.13843329938415092,-0.13843329938415092,-0.12861509282275918
-0.13016476814142425,-0.13016476814142425,-0.12090505091654927
-0.11724721094270242,-0.11724721094270242,-0.11114970980680312
-0.11530317366552112,-0.11530317366552112,-0.10199364748315759
-0.10089874481218583,-0.10089874481218583,-0.09147443022988219
-0.08977902397176582,-0.08977902397176582,-0.08428088926071342
-0.08374552190569491,-0.08374552190569491,-0.07914220473577342
-0.07931812190467954,-0.07931812190467954,-0.07355207615858003
-0.07436297039694582,-0.07436297039694582,-0.058321339428844675
-0.06697513617411471,-0.06697513617411471,-0.047657186715722395
-0.03362591171547348,-0.03362591171547348,-0.03545690852911605
-0.04237051225757899,-0.04237051225757899,-0.03185460812558018
-0.03037430161429569,-0.03037430161429569,-0.01962150196450508
-0.022819010504865858,-0.022819010504865858,-0.01817165853085982
-0.005671193774353685,-0.005671193774353685,-0.010442976481212117
-0.02602477131335992,-0.02602477131335992,-0.0025610833645362606
0.00036703564407725327,0.00036703564407725327,0.014834894459288723
0.017974485575673885,0.017974485575673885,0.024324768745554216
0.026163162158115028,0.026163162158115028,0.030420890258261626
0.028836658502873737,0.028836658502873737,0.04181292214097805
0.03626285011379611,0.03626285011379611,0.05453445331941977
0.060339257806264306,0.060339257806264306,0.06977200840794344
0.0670012520381989,0.0670012520381989,0.07776732729187254
0.0819755153793671,0.0819755153793671,0.09144422283180252
0.08432521445805159,0.08432521445805159,0.09856020611384692
0.10803193865798885,0.10803193865798885,0.11352387169082415
0.1033234652255003,0.1033234652255003,0.11824707641061148
0.1292162111889833,0.1292162111889833,0.1317929037644289
0.12220155281735083,0.12220155281735083,0.14050517481943056
0.14396094728695258,0.14396094728695258,0.15550583896184447
0.1553530243539883,0.1553530243539883,0.16492381968986106
0.16720354524459255,0.16720354524459255,0.17388651271248182
0.1722148894710023,0.1722148894710023,0.18218217270813816
0.18224110342185057,0.18224110342185057,0.19261543914430176
0.1920905252315616,0.1920905252315616,0.20181377149280155
0.2035146887794931,0.2035146887794931,0.20880690386864217
0.20983610046734993,0.20983610046734993,0.21508303218735803
0.2130699223590835,0.2130699223590835,0.2208745353061264
0.2223430737356406,0.2223430737356406,0.2297965056746244
0.22721060982365515,0.22721060982365515,0.24125846188870811
0.23983583346457743,0.23983583346457743,0.2505470970668188
0.25672894237789173,0.25672894237789173,0.25830790487085614
0.2550765153579873,0.2550765153579873,0.27366548897065573
0.2631182568766894,0.2631182568766894,0.2800022011262102
0.3028016946772905,0.3028016946772905,0.29600843920096603
0.27408665182465075,0.27408665182465075,0.2965978331767693
0.31113697110095684,0.31113697110095684,0.31465311168184584
0.30456987660470025,0.30456987660470025,0.3231006790396347
0.3282524873398804,0.3282524873398804,0.3331848229006713
0.3364796731743235,0.3364796731743235,0.3318152702139032
0.3348223081878101,0.3348223081878101,0.33843854521301453
0.324143829279576,0.324143829279576,0.34910708019315534
0.35634949817165745,0.35634949817165745,0.3659014864676161
0.3668279131282325,0.3668279131282325,0.3754248787960652
0.37452704810295845,0.37452704810295845,0.3847812859625613
0.38491967515700454,0.38491967515700454,0.38928121544954375
0.3948971346277208,0.3948971346277208,0.40568579897391144
0.3880268365639059,0.3880268365639059,0.41924409981690647
0.4341334257301076,0.4341334257301076,0.432174520262933
0.4355720371567059,0.4355720371567059,0.43947559941529796
0.4268180979019856,0.4268180979019856,0.44954951591109604
0.4560366631872023,0.4560366631872023,0.45685169556353866
0.46579378664410026,0.46579378664410026,0.466317943188254
0.44872463685931335,0.44872463685931335,0.4693019448043066
0.4844354060613484,0.4844354060613484,0.48038480381398746
0.4747457914922581,0.4747457914922581,0.48259372002687023
0.48197321388835584,0.48197321388835584,0.48809741134248086
0.4910621546999968,0.4910621546999968,0.4995935214923452
0.49125686543908986,0.49125686543908986,0.512376834077218
0.5164615443379489,0.5164615443379489,0.5250478117966355
0.5294120924546153,0.5294120924546153,0.5295380161019319
0.5292697985973422,0.5292697985973422,0.5364801893242815
0.529932157253838,0.529932157253838,0.5503055029547345
0.5502386121216643,0.5502386121216643,0.5611737086384543
0.5707457394887011,0.5707457394887011,0.5687444876060391
0.5625367743049975,0.5625367743049975,0.570833573925115
0.5729509490244188,0.5729509490244188,0.586813911751348
0.5770129984459287,0.5770129984459287,0.5960739497902273
0.6104777877836965,0.6104777877836965,0.6016133772422977
0.6007310631410568,0.6007310631410568,0.6017326304999133
0.5936312808021398,0.5936312808021398,0.6099866223649684
0.6108355475565433,0.6108355475565433,0.6109361924087616
0.625493038736222,0.625493038736222,0.6202613311097425
0.5964799909335196,0.5964799909335196,0.628024261397684
0.6388109636594859,0.6388109636594859,0.6524136083262889
0.6487818296000466,0.6487818296000466,0.6620042500231167
0.6696480317193343,0.6696480317193343,0.6666665815532848
0.6675828887499693,0.6675828887499693,0.6654844790496783
0.662768824190551,0.662768824190551,0.6656610988551469
0.6661017242085148,0.6661017242085148,0.6728520264717438
0.6681127481663748,0.6681127481663748,0.6834652253478295
0.6843416070403419,0.6843416070403419,0.7007522015915956
0.697941320836772,0.697941320836772,0.7064031735233504
0.7199736768976729,0.7199736768976729,0.7141025773471611
0.7012945228356061,0.7012945228356061,0.7094033940009635
0.7210395323082042,0.7210395323082042,0.7162724988990227
0.7058761268590802,0.7058761268590802,0.7188462161269169
0.7219018375297837,0.7219018375297837,0.7340975103577987
0.7287606839918869,0.7287606839918869,0.7423392514918881
0.7516300095517254,0.7516300095517254,0.7501169775381848
0.7466270609320519,0.7466270609320519,0.7618029582880651
0.7520938621307771,0.7520938621307771,0.772437347938319
0.7866879518013663,0.7866879518013663,0.7833774057483643
0.7785302298828136,0.7785302298828136,0.7830542895364483
0.784914035560913,0.784914035560913,0.7872020556752594
0.7857186031656183,0.7857186031656183,0.7891202640928482
0.7909735282992469,0.7909735282992469,0.785516515218808
0.7906686608136794,0.7906686608136794,0.7922879982957579
0.774907356543498,0.774907356543498,0.8006865643283232
0.8112879775300964,0.8,0.8177868457944554
0.8158643589113752,0.8,0.8163951635915532
0.8262082009418944,0.8,0.8194650124723347
0.80711293092139,0.8,0.8232407936893911
0.8250739055537197,0.8,0.8297784770773976
0.8375355445930633,0.8,0.8384372583741786
0.8267259810854097,0.8,0.8402705957334666
0.8510502494440626,0.8,0.8466650772139772
0.8430355566709276,0.8,0.8473136358493821
0.8459094255269416,0.8,0.855100623365528
0.8529959253502772,0.8,0.865592661080334
0.8663965192193649,0.8,0.8736199940333743
0.8773855386713597,0.8,0.8796821337049983
0.8770779242093982,0.8,0.8827163660739401
0.884582938234237,0.8,0.8839444770397208
0.886488235778185,0.8,0.8904492897753578
0.8807622571067404,0.8,0.894106387375266
0.9040973764411478,0.8,0.9042147675296732
0.8974595285779098,0.8,0.9075898468650258
0.911087397569962,0.8,0.9121212232627873
0.9142226144472055,0.8,0.9124013337928412
0.9110536577711945,0.8,0.9167532442266212
0.9119277291601235,0.8,0.9168221892997698
0.9272783457485454,0.8,0.9194179742277107
0.9112604929906404,0.8,0.9259388490076983
0.9197150839439461,0.8,0.9292517857078175
0.9468409700885085,0.8,0.936778476662447
0.921199303090998,0.8,0.9386997220122034
0.9422951568078344,0.8,0.946292925509834
0.9526047061377778,0.8,0.9506995681724617
0.9439789135838897,0.8,0.958086064438405
0.9555150847957176,0.8,0.9629608551664243
0.974764194935608,0.8,0.967386985260355
0.9586032857679473,0.8,0.9670487898257089
0.9687934750775099,0.8,0.9699892700007225
0.9737496086316694,0.8,0.9729069662533791
0.9674247262929885,0.8,0.9735936671210498
0.9775465638354794,0.8,0.9713801461182442
0.9758097112346814,0.8,0.973724085663083
0.9607841632845716,0.8,0.9749530027839928
0.9845783824699961,0.8,0.9808944502650879
0.9794964625974107,0.8,0.9853889012104988
0.978608505727857,0.8,0.9800860246121981
0.9980617353062289,0.8,0.9780078015971706
0.9635878328025083,0.8,0.9706191911240496
0.9723738366827748,0.8,0.9867156005109943
0.9758959038868659,0.8,0.9954260620457726
1.011877060963342,0.8,0.9910064019454088
0.9985052212871098,0.8,0.9804092040987251
0.9626369235857744,0.8,0.9802339361532524
0.9800854674232913,0.8,0.9875647333020838
0.9979794174506916,0.8,0.987117366717244
0.9846293150322687,0.8,0.986317500680548
0.9787433676687719,0.8,0.9875645369067871
0.9955798193406035,0.8,0.9898752961997863
0.988370423710986,0.8,0.9882607163631353
0.9856756455477695,0.8,0.9941876596359023
0.9907360798306502,0.8,0.9985050089913767
1.0061512535292871,0.8,1.0033627483880574
0.998627693614193,0.8,1.0030112566332232
1.005309298020692,0.8,1.001298653233933
1.0050967782647848,0.8,0.9977701417234509
0.9934898834163224,0.8,0.9968366734899446
0.9947237634892455,0.8,0.9923695893439325
1.002296373564266,0.8,0.9943496479431294
0.9800886309782859,0.8,0.9988884116824684
1.0006639392868362,0.8,1.0057105177611754
1.0159126647822831,0.8,1.003364568355055
1.0005549492144066,0.8,0.9972373875852145
0.9936260910684752,0.8,1.0002553765623319
0.9975311224727617,0.8,0.9969960111758078
1.0096089161457589,0.8,1.0000623073040145
0.983847994908903,0.8,0.9895539311770992
1.0067300108573818,0.8,0.9955941725946791
0.9780837877650129,0.8,0.9872524312623262
1.0019687191616427,0.8,0.9920663904686141
0.9817047868603229,0.8,0.986296844086637
0.9925256653838768,0.8,0.9827982711476003
0.9846600800157111,0.8,0.9830944310419617
0.9712090680432129,0.8,0.9855097764760101
0.993414145066961,0.8,0.9884596999504107
0.9919061163178564,0.8,0.9838257706849007
0.9800588384664147,0.8,0.979392897774183
0.979512357270431,0.8,0.9751777793442967
0.9786074975857033,0.8,0.975643684346676
0.9674134831767558,0.8,0.9777724631042922
0.9809100722775691,0.8,0.9820348357026512
0.9849938338585519,0.8,0.9791086672267281
0.9802006009718326,0.8,0.9709263808132141
0.9721315668497996,0.8,0.962630329275461
0.9604469746180103,0.8,0.9602282926818717
0.9553124463585729,0.8,0.9581364037713319
0.964925457069032,0.8,0.9601801343940642
0.9541713078863907,0.8,0.9532195087771169
0.9614436382267699,0.8,0.9486792205999531
0.9440435802181902,0.8,0.9376184302694863
0.9405504433548991,0.8,0.9407193706235668
0.9282612672353696,0.8,0.9386692212496598
0.9533464012804316,0.8,0.9420753137021658
0.9343999952331783,0.8,0.9327379654202882
0.9384795445928875,0.8,0.9313329723867226
0.9253343564347987,0.8,0.9337143940500054
0.9301850161324818,0.8,0.9311850965061943
0.9456238095827358,0.8,0.9280550608811483
0.9177464638033652,0.8,0.9176379357054324
0.920794909257344,0.8,0.912896378421264
0.9143724340555881,0.8,0.9074591386925313
0.90352179195086,0.8,0.900516575950082
0.9044831900711456,0.8,0.8954559693808565
0.8935447458282405,0.8,0.8913559411387647
0.8883399722431834,0.8,0.8923824509235073
0.8921831053448701,0.8,0.8885444551713837
0.8966242751824685,0.8,0.875921588208068
0.8768259849868125,0.8,0.860947699048505
0.8543145044549229,0.8,0.8535752801540397
0.8517026077037797,0.8,0.856598662895844
0.8547087283034166,0.8,0.8567038961317782
0.8633846526803356,0.8,0.8536479903208003
0.8520183074115825,0.8,0.8469402004594305
0.845541010870483,0.8,0.8387762594965397
0.8432612830962263,0.8,0.8337149894782097
0.8275264845229098,0.8,0.8320272893125363
0.8303572008154928,0.8,0.829465291209638
0.8381981825992065,0.8,0.8273334741611622
0.8198404902142146,0.8,0.8170328180481264
0.8239617496700654,0.8,0.8101310398051947
0.8072962142600995,0.8,0.8028472495207434
0.7991351554854194,0.7991351554854194,0.7899307528611136
0.8021103788167112,0.8,0.7846255529542759
0.7685467242812103,0.7685467242812103,0.7739035885789534
0.7832195557649063,0.7832195557649063,0.7747288269293656
0.7699444856907434,0.7699444856907434,0.7688127976120844
0.7710224393324471,0.7710224393324471,0.769434724960711
0.7654714678130629,0.7654714678130629,0.7650429578947086
0.7718102677366231,0.7718102677366231,0.7586044641451235
0.7578471381344398,0.7578471381344398,0.7478899491081538
0.7461559865643076,0.7461559865643076,0.7401361747437529
0.7396667226257139,0.7396667226257139,0.7311599270203516
0.7345858150412372,0.7345858150412372,0.7274423530061893
0.7192272433941037,0.7192272433941037,0.713101331492007
0.728514000583227,0.728514000583227,0.7062874183583681
0.6915627504986904,0.6915627504986904,0.6961717743422065
0.6987855039931866,0.6987855039931866,0.6940136307863294
0.6981670685347422,0.6981670685347422,0.6908006884358482
0.6850883198310592,0.6850883198310592,0.6884611281436258
0.6891466769417433,0.6891466769417433,0.6831562987985134
0.6911483876580751,0.6911483876580751,0.6728459012043112
0.6691738317957218,0.6691738317957218,0.6611434177742783
0.6582154841591368,0.6582154841591368,0.6508846626083181
0.6560409373679763,0.6560409373679763,0.6469506279513622
0.6383975662978413,0.6383975662978413,0.6444936658535764
0.646413380188269,0.646413380188269,0.6490982767718902
0.6486700510746187,0.6486700510746187,0.6446544612835721
0.6522113990527831,0.6522113990527831,0.63323767968037
0.6330819337233142,0.6330819337233142,0.6139966910776431
0.6144197062650127,0.6144197062650127,0.599101026064204
0.5944884332446023,0.5944884332446023,0.5915291094573268
0.588394938682997,0.588394938682997,0.5842431330306576
0.5917039564443811,0.5917039564443811,0.576120818378089
0.5726305039645947,0.5726305039645947,0.5679311429548872
0.5640279947252913,0.5640279947252913,0.5663518704562629
0.5671349301747758,0.5671349301747758,0.5595313892240157
0.5678926864687215,0.5678926864687215,0.5502634263338565
0.5435665510285498,0.5435665510285498,0.5421582554607
0.5393310415042983,0.5393310415042983,0.532631146823275
0.5435771738492517,0.5435771738492517,0.5276617811548732
0.5149852251162749,0.5149852251162749,0.5165037902604915
0.5244229444990929,0.5244229444990929,0.512404197987429
0.5101032011661069,0.5101032011661069,0.4950706158553914
0.5026864482970871,0.5026864482970871,0.47786807132487397
0.4724221981029803,0.4724221981029803,0.46610134683987514
0.45849556757455445,0.45849556757455445,0.4600723697649169
0.4673862748420907,0.4673862748420907,0.4547774342239534
0.45433526687810544,0.45433526687810544,0.4379690033581403
0.442610760951664,0.442610760951664,0.4300118045360461
0.41696098224465156,0.41696098224465156,0.4179698977746457
0.43046367041182265,0.43046367041182265,0.4131923070090766
0.40648504066746294,0.40648504066746294,0.4004394725192213
0.4026282099479442,0.4026282099479442,0.39035218465189553
0.3922051669422567,0.3922051669422567,0.38500444413485585
0.37622317706548564,0.37622317706548564,0.375876105116359
0.3865849883968252,0.3865849883968252,0.37218923961844674
0.3648201498867662,0.3648201498867662,0.3619575407204766
0.36516258057174883,0.36516258057174883,0.3576213084362047
0.3558898917029148,0.3558898917029148,0.34875036562118356
0.35181145303395045,0.35181145303395045,0.3333621566124964
0.33854975212668537,0.33854975212668537,0.3224566171668452
0.3097252646768534,0.3097252646768534,0.31000927365140135
0.3190948346969969,0.3190948346969969,0.3080110469264398
0.30120772158035375,0.30120772158035375,0.294701837879725
0.30373058450196877,0.30373058450196877,0.2873674190789643
0.2791672075568524,0.2791672075568524,0.2807513415851295
0.27920446517807174,0.27920446517807174,0.27784108563626797
0.28388235202046436,0.28388235202046436,0.27198472554542763
0.2704364397102679,0.2704364397102679,0.25522502587897045
0.26163538490555066,0.26163538490555066,0.24187501060419223
0.23360325302109275,0.23360325302109275,0.23047051683972045
0.23038639388593324,0.23038639388593324,0.22631906650881065
0.22742190361213532,0.22742190361213532,0.2143460118000894
0.22114890202836335,0.22114890202836335,0.19813396294477403
0.19446722975976946,0.19446722975976946,0.18641152357102692
0.1787857570461893,0.1787857570461893,0.1767693903484117
0.18598158390712202,0.18598158390712202,0.1806814293538963
0.16554083009192372,0.16554083009192372,0.17043624507136027
0.1905218740626432,0.1905218740626432,0.1603268713090646
0.15524603105951384,0.15524603105951384,0.13797793202515288
0.13521270880503672,0.13521270880503672,0.12433443189976272
0.12347505621090804,0.12347505621090804,0.11496548529773178
0.11431553068334338,0.11431553068334338,0.10232206499571478
0.10710586899894392,0.10710586899894392,0.09959040634664038
0.08554479530485704,0.08554479530485704,0.09269891542982724
0.10612055473612017,0.10612055473612017,0.0848561890202285
0.08643139624850452,0.08643139624850452,0.07284061695222674
0.062016616076060814,0.062016616076060814,0.06594634408539597
0.07007383853211488,0.07007383853211488,0.06000199977882846
0.06574857764801223,0.06574857764801223,0.04896492660355584
0.04418358315635828,0.04418358315635828,0.039369163600147146
0.03696261900629703,0.03696261900629703,0.03336928030933145
0.03696128863778614,0.03696128863778614,0.019043563296347907
0.026183933283911193,0.026183933283911193,0.007035830310522345
-0.006014532032653613,-0.006014532032653613,-0.0005700840424233238
0.0009380896803094533,0.0009380896803094533,-0.011277237319291138
0.0033661902250741883,0.0033661902250741883,-0.0224694399210723
-0.03813599186325706,-0.03813599186325706,-0.03805446873902538
-0.03263851812503403,-0.03263851812503403,-0.04653044332198615
-0.04338889622878504,-0.04338889622878504,-0.062437633121523006
-0.06356391561213938,-0.06356391561213938,-0.071301502292679
-0.0803600875236446,-0.0803600875236446,-0.08115213130144645
-0.06998050374225302,-0.06998050374225302,-0.08486717753835035
-0.09311580263844174,-0.09311580263844174,-0.09595882293938006
-0.0915052262343563,-0.0915052262343563,-0.10384443197436916
-0.10325543994534214,-0.10325543994534214,-0.11658181329538371
-0.11677262974340903,-0.11677262974340903,-0.12392564108291587
-0.12971737019739996,-0.12971737019739996,-0.13563701968966288
-0.1252869233079386,-0.1252869233079386,-0.14940791040067247
-0.15190676556365004,-0.15190676556365004,-0.1612270327764586
-0.17103004233042876,-0.17103004233042876,-0.1700733612364333
-0.16074429043529706,-0.16074429043529706,-0.17315553364530534
-0.17844575094357404,-0.17844575094357404,-0.18401134111748751
-0.1802765595570449,-0.1802765595570449,-0.19483004535459061
-0.1933117128518436,-0.1933117128518436,-0.2079595948296756
-0.21090186365488334,-0.21090186365488334,-0.21240393480248704
-0.21966520798229985,-0.21966520798229985,-0.21883563864459646
-0.20664473277027792,-0.20664473277027792,-0.2201652620223441
-0.23019697518121157,-0.23019697518121157,-0.23646026111479393
-0.22365407811554278,-0.22365407811554278,-0.2471110847922069
-0.2555297300476274,-0.2555297300476274,-0.257254224171157
-0.2621494462134505,-0.2621494462134505,-0.2727862068509478
-0.2540834962523932,-0.2540834962523932,-0.2837266609472485
-0.30212567808699964,-0.30212567808699964,-0.29764612751127306
-0.2949708085023528,-0.2949708085023528,-0.29454478176188825
-0.29584189594446675,-0.29584189594446675,-0.3010778203191388
-0.29282164083884515,-0.29282164083884515,-0.30636123194036097
-0.3145699241741046,-0.3145699241741046,-0.32310732259262986
-0.3116921308081331,-0.3116921308081331,-0.3313090759605212
-0.3430599127956518,-0.3430599127956518,-0.35262856091493805
-0.3391751842777787,-0.3391751842777787,-0.357520491448771
-0.3756505856713836,-0.3756505856713836,-0.3691825567236267
-0.3577357043971507,-0.3577357043971507,-0.3699368839837945
-0.37416138010234584,-0.37416138010234584,-0.38324724145717687
-0.37791356745188687,-0.37791356745188687,-0.39175891005388797
-0.3976667768172979,-0.3976667768172979,-0.39975270003738983
-0.3996963858924791,-0.3996963858924791,-0.4087614015152658
-0.4018949374023925,-0.4018949374023925,-0.4228102468360692
-0.42469288125092586,-0.42469288125092586,-0.4399270126189001
-0.44184292185488927,-0.44184292185488927,-0.44096352785651494
-0.45324523475088524,-0.45324523475088524,-0.4450093106593617
-0.42780242696377024,-0.42780242696377024,-0.4526212980379345
-0.4539802702634297,-0.4539802702634297,-0.4696852743550502
-0.47608119688660355,-0.47608119688660355,-0.4805183420389602
-0.4789943559151174,-0.4789943559151174,-0.48907701747882115
-0.48647947331515967,-0.48647947331515967,-0.497113345037727
-0.5017572232061863,-0.5017572232061863,-0.5040153459835582
-0.503103338591835,-0.503103338591835,-0.5069306325797815
-0.5071854761526535,-0.5071854761526535,-0.5136066738031456
-0.5105030829948561,-0.5105030829948561,-0.5278015689502706
